subject,coupling,beatsection,mx,sx
PARTICIPANT_kura-A1_2020-10-01_10h17.21.641.csv,strong,0,0.9956212114333333,0.07535526637198763
PARTICIPANT_kura-A1_2020-10-01_10h17.21.641.csv,strong,1,0.9918222799333332,0.03700067820445415
PARTICIPANT_kura-A1_2020-10-01_10h17.21.641.csv,strong,2,1.0055193821666666,0.03298060202449076
PARTICIPANT_kura-A1_2020-10-01_10h17.21.641.csv,strong,3,0.9913634541666667,0.029657481711654173
PARTICIPANT_kura-A1_2020-10-01_10h17.21.641.csv,strong,4,1.0035675450000001,0.02694371652027237
PARTICIPANT_kura-A1_2020-10-01_10h17.21.641.csv,strong,5,0.9936829278,0.0439917507516681
PARTICIPANT_kura-A1_2020-10-01_10h17.21.641.csv,strong,6,nan,nan
PARTICIPANT_kura-A1_2020-10-03_10h29.30.435.csv,strong,0,1.2101551110999997,0.7505861798603699
PARTICIPANT_kura-A1_2020-10-03_10h29.30.435.csv,strong,1,1.0274454444666665,0.17538412176572982
PARTICIPANT_kura-A1_2020-10-03_10h29.30.435.csv,strong,2,1.0678770689655173,0.24022928053000625
PARTICIPANT_kura-A1_2020-10-03_10h29.30.435.csv,strong,3,1.0479129012592592,0.16878477185719196
PARTICIPANT_kura-A1_2020-10-03_10h29.30.435.csv,strong,4,0.9992701852222221,0.07896588310704052
PARTICIPANT_kura-A1_2020-10-03_10h29.30.435.csv,strong,5,1.0550513332999998,0.2200838218173339
PARTICIPANT_kura-A1_2020-10-03_10h29.30.435.csv,strong,6,0.946133333,0.0
PARTICIPANT_kura-A1_2020-10-04_12h32.21.589.csv,strong,0,0.9616066666333334,0.11073787349800428
PARTICIPANT_kura-A1_2020-10-04_12h32.21.589.csv,strong,1,0.9956087776999999,0.06211220255234744
PARTICIPANT_kura-A1_2020-10-04_12h32.21.589.csv,strong,2,0.9965386111000002,0.04580593266679701
PARTICIPANT_kura-A1_2020-10-04_12h32.21.589.csv,strong,3,0.9912625554666666,0.04890622395571084
PARTICIPANT_kura-A1_2020-10-04_12h32.21.589.csv,strong,4,1.0048880556333333,0.0689742816954022
PARTICIPANT_kura-A1_2020-10-04_12h32.21.589.csv,strong,5,0.9774654486538462,0.038426305180849565
PARTICIPANT_kura-A1_2020-10-04_12h32.21.589.csv,strong,6,1.01873666675,0.0351448483258097
PARTICIPANT_kura-A1_2020-10-05_06h37.13.057.csv,strong,0,0.9956122458666666,0.11484120233773021
PARTICIPANT_kura-A1_2020-10-05_06h37.13.057.csv,strong,1,0.9995133258,0.026290995995333678
PARTICIPANT_kura-A1_2020-10-05_06h37.13.057.csv,strong,2,1.0002315658666667,0.03705856815816641
PARTICIPANT_kura-A1_2020-10-05_06h37.13.057.csv,strong,3,0.9954987619666668,0.030230237152566803
PARTICIPANT_kura-A1_2020-10-05_06h37.13.057.csv,strong,4,1.0036688371333333,0.02636610491196403
PARTICIPANT_kura-A1_2020-10-05_06h37.13.057.csv,strong,5,0.9993418493599999,0.01869172313153022
PARTICIPANT_kura-A1_2020-10-05_06h37.13.057.csv,strong,6,1.0046501863333333,0.01190519389299751
PARTICIPANT_kura-A1_2020-10-05_09h41.04.130.csv,strong,0,0.8878936822,0.19353448360958578
PARTICIPANT_kura-A1_2020-10-05_09h41.04.130.csv,strong,1,1.0066589816666667,0.03317475595495918
PARTICIPANT_kura-A1_2020-10-05_09h41.04.130.csv,strong,2,0.9962126177999999,0.041851873404998824
PARTICIPANT_kura-A1_2020-10-05_09h41.04.130.csv,strong,3,0.9945668047666668,0.04433723349311869
PARTICIPANT_kura-A1_2020-10-05_09h41.04.130.csv,strong,4,0.9945611130666667,0.05859871912393625
PARTICIPANT_kura-A1_2020-10-05_09h41.04.130.csv,strong,5,1.0053043233333334,0.03333230892021928
PARTICIPANT_kura-A1_2020-10-05_09h41.04.130.csv,strong,6,0.9828342941000001,0.03284129197293015
PARTICIPANT_kura-A1_2020-10-05_10h32.11.341.csv,strong,0,0.8533884838666667,0.21844834476718322
PARTICIPANT_kura-A1_2020-10-05_10h32.11.341.csv,strong,1,1.0096074302333333,0.10093530038143962
PARTICIPANT_kura-A1_2020-10-05_10h32.11.341.csv,strong,2,0.9920015841666666,0.14840115488853733
PARTICIPANT_kura-A1_2020-10-05_10h32.11.341.csv,strong,3,0.9919757655333332,0.17616669268509486
PARTICIPANT_kura-A1_2020-10-05_10h32.11.341.csv,strong,4,0.9896364122333332,0.1339314567005026
PARTICIPANT_kura-A1_2020-10-05_10h32.11.341.csv,strong,5,0.9964458303333333,0.04787343731101723
PARTICIPANT_kura-A1_2020-10-05_10h32.11.341.csv,strong,6,1.0344589257,0.06428763073827534
PARTICIPANT_kura-A2_2020-09-15_15h15.11.125.csv,strong,0,1.5455137977777778,1.8210134833802614
PARTICIPANT_kura-A2_2020-09-15_15h15.11.125.csv,strong,1,1.0486598487777778,0.5843082992757296
PARTICIPANT_kura-A2_2020-09-15_15h15.11.125.csv,strong,2,0.9194101432592591,0.6955643730382605
PARTICIPANT_kura-A2_2020-09-15_15h15.11.125.csv,strong,3,1.350110087074074,1.0472521381343478
PARTICIPANT_kura-A2_2020-09-15_15h15.11.125.csv,strong,4,0.88440014768,0.6984809594204652
PARTICIPANT_kura-A2_2020-09-15_15h15.11.125.csv,strong,5,1.0519508,0.8321287275816904
PARTICIPANT_kura-A2_2020-09-15_15h15.11.125.csv,strong,6,1.330795979,0.708542021
PARTICIPANT_kura-A2_2020-09-16_10h16.41.575.csv,strong,0,0.8827430000333333,0.22157807806448684
PARTICIPANT_kura-A2_2020-09-16_10h16.41.575.csv,strong,1,1.0276979444333334,0.22040820513588816
PARTICIPANT_kura-A2_2020-09-16_10h16.41.575.csv,strong,2,1.0291366666333333,0.15487359921460003
PARTICIPANT_kura-A2_2020-09-16_10h16.41.575.csv,strong,3,0.9780657777666666,0.15579891273308125
PARTICIPANT_kura-A2_2020-09-16_10h16.41.575.csv,strong,4,1.0064915555,0.16946401851791915
PARTICIPANT_kura-A2_2020-09-16_10h16.41.575.csv,strong,5,0.9988812777666668,0.09518565991899677
PARTICIPANT_kura-A2_2020-09-16_10h16.41.575.csv,strong,6,1.1111572223333335,0.32703573394096275
PARTICIPANT_kura-A2_2020-09-16_17h20.10.296.csv,strong,0,1.5455137977777778,1.8210134833802614
PARTICIPANT_kura-A2_2020-09-16_17h20.10.296.csv,strong,1,1.0486598487777778,0.5843082992757296
PARTICIPANT_kura-A2_2020-09-16_17h20.10.296.csv,strong,2,0.9194101432592591,0.6955643730382605
PARTICIPANT_kura-A2_2020-09-16_17h20.10.296.csv,strong,3,1.350110087074074,1.0472521381343478
PARTICIPANT_kura-A2_2020-09-16_17h20.10.296.csv,strong,4,0.88440014768,0.6984809594204652
PARTICIPANT_kura-A2_2020-09-16_17h20.10.296.csv,strong,5,1.0519508,0.8321287275816904
PARTICIPANT_kura-A2_2020-09-16_17h20.10.296.csv,strong,6,1.330795979,0.708542021
PARTICIPANT_kura-A2_2020-11-04_17h32.29.185.csv,strong,0,1.0154862979666666,0.059531091662483195
PARTICIPANT_kura-A2_2020-11-04_17h32.29.185.csv,strong,1,0.9962162419999999,0.028856862590427048
PARTICIPANT_kura-A2_2020-11-04_17h32.29.185.csv,strong,2,0.9944487108000001,0.0499451575634677
PARTICIPANT_kura-A2_2020-11-04_17h32.29.185.csv,strong,3,0.9889900552666666,0.050632654722620185
PARTICIPANT_kura-A2_2020-11-04_17h32.29.185.csv,strong,4,1.0031569699999998,0.03858529873860156
PARTICIPANT_kura-A2_2020-11-04_17h32.29.185.csv,strong,5,0.9936656815357141,0.03301177811840857
PARTICIPANT_kura-A2_2020-11-04_17h32.29.185.csv,strong,6,0.993845167,0.0
PARTICIPANT_kura-A2_2020-11-05_09h19.11.832.csv,strong,0,1.0233567469333333,0.15438630362257888
PARTICIPANT_kura-A2_2020-11-05_09h19.11.832.csv,strong,1,1.0212944583000003,0.06382841821899608
PARTICIPANT_kura-A2_2020-11-05_09h19.11.832.csv,strong,2,0.9937765772333333,0.05427890869688124
PARTICIPANT_kura-A2_2020-11-05_09h19.11.832.csv,strong,3,0.9922765955333334,0.036977305804308136
PARTICIPANT_kura-A2_2020-11-05_09h19.11.832.csv,strong,4,0.9988077363,0.05036574427570632
PARTICIPANT_kura-A2_2020-11-05_09h19.11.832.csv,strong,5,1.0004509959999999,0.03629281818052941
PARTICIPANT_kura-A2_2020-11-05_09h19.11.832.csv,strong,6,1.037799,0.0
PARTICIPANT_kura-A2_2020-11-25_15h04.36.125.csv,strong,0,0.9888850555,0.0968646062733094
PARTICIPANT_kura-A2_2020-11-25_15h04.36.125.csv,strong,1,0.9887336110666666,0.030308002970960538
PARTICIPANT_kura-A2_2020-11-25_15h04.36.125.csv,strong,2,0.9976209444666666,0.05042812974482212
PARTICIPANT_kura-A2_2020-11-25_15h04.36.125.csv,strong,3,0.9993652777666665,0.041747503681895094
PARTICIPANT_kura-A2_2020-11-25_15h04.36.125.csv,strong,4,1.0077381666333334,0.03951567987027366
PARTICIPANT_kura-A2_2020-11-25_15h04.36.125.csv,strong,5,0.9933558000799998,0.05512990520334157
PARTICIPANT_kura-A2_2020-11-25_15h04.36.125.csv,strong,6,1.0301341665,0.027315568388644657
PARTICIPANT_kura-B1_2020-10-05_07h49.31.729.csv,strong,0,0.9600610222,0.09474002128189976
PARTICIPANT_kura-B1_2020-10-05_07h49.31.729.csv,strong,1,0.9969474961333334,0.10494089999688563
PARTICIPANT_kura-B1_2020-10-05_07h49.31.729.csv,strong,2,1.0007828039,0.08067859465039097
PARTICIPANT_kura-B1_2020-10-05_07h49.31.729.csv,strong,3,1.0030873194333334,0.09161710286230838
PARTICIPANT_kura-B1_2020-10-05_07h49.31.729.csv,strong,4,0.9915623137666667,0.10378743288070012
PARTICIPANT_kura-B1_2020-10-05_07h49.31.729.csv,strong,5,0.9811817855185184,0.07002987541835033
PARTICIPANT_kura-B1_2020-10-05_07h49.31.729.csv,strong,6,1.01652115625,0.07328846657284938
PARTICIPANT_kura-B2_2020-09-07_12h08.36.208.csv,strong,0,0.9758065144333333,0.11897173170583199
PARTICIPANT_kura-B2_2020-09-07_12h08.36.208.csv,strong,1,1.0057095178,0.03924071300696583
PARTICIPANT_kura-B2_2020-09-07_12h08.36.208.csv,strong,2,0.9997604668999999,0.03775271414778281
PARTICIPANT_kura-B2_2020-09-07_12h08.36.208.csv,strong,3,0.9861294847333333,0.0386344282944226
PARTICIPANT_kura-B2_2020-09-07_12h08.36.208.csv,strong,4,1.0041813808333333,0.03449233954195126
PARTICIPANT_kura-B2_2020-09-07_12h08.36.208.csv,strong,5,1.0008508447,0.03577822780083916
PARTICIPANT_kura-B2_2020-09-07_12h08.36.208.csv,strong,6,0.9943777283999999,0.032347532106971645
PARTICIPANT_kura-B2_2020-09-07_21h13.50.539.csv,strong,0,0.9093583192000001,0.1729566776102178
PARTICIPANT_kura-B2_2020-09-07_21h13.50.539.csv,strong,1,1.0000714569333333,0.05134718633645769
PARTICIPANT_kura-B2_2020-09-07_21h13.50.539.csv,strong,2,1.0005994397,0.0723701167725423
PARTICIPANT_kura-B2_2020-09-07_21h13.50.539.csv,strong,3,0.9961468614,0.07526091739963778
PARTICIPANT_kura-B2_2020-09-07_21h13.50.539.csv,strong,4,1.0093811174666667,0.08710170566152024
PARTICIPANT_kura-B2_2020-09-07_21h13.50.539.csv,strong,5,0.9839282655666666,0.10652353379019545
PARTICIPANT_kura-B2_2020-09-07_21h13.50.539.csv,strong,6,1.0166692909,0.06739404297448741
PARTICIPANT_kura-B2_2020-09-10_18h03.12.198.csv,strong,0,0.9389918428333331,0.23695192449379537
PARTICIPANT_kura-B2_2020-09-10_18h03.12.198.csv,strong,1,0.9926324675333333,0.06360449460681285
PARTICIPANT_kura-B2_2020-09-10_18h03.12.198.csv,strong,2,0.9991197413999999,0.07284620569772271
PARTICIPANT_kura-B2_2020-09-10_18h03.12.198.csv,strong,3,0.9896420905666666,0.07836204088514676
PARTICIPANT_kura-B2_2020-09-10_18h03.12.198.csv,strong,4,0.9808660339333333,0.16008992703409153
PARTICIPANT_kura-B2_2020-09-10_18h03.12.198.csv,strong,5,0.9987979805666666,0.06050888766343079
PARTICIPANT_kura-B2_2020-09-10_18h03.12.198.csv,strong,6,1.0075143317,0.05937404910184152
PARTICIPANT_kura-B2_2020-09-25_19h37.04.527.csv,strong,0,0.9481706666666665,0.1486099367451353
PARTICIPANT_kura-B2_2020-09-25_19h37.04.527.csv,strong,1,1.0287396111333333,0.20851475674490222
PARTICIPANT_kura-B2_2020-09-25_19h37.04.527.csv,strong,2,0.9928844444999999,0.0778490569438102
PARTICIPANT_kura-B2_2020-09-25_19h37.04.527.csv,strong,3,1.0145609444,0.12490485264513276
PARTICIPANT_kura-B2_2020-09-25_19h37.04.527.csv,strong,4,0.9932339444333335,0.05751723180008721
PARTICIPANT_kura-B2_2020-09-25_19h37.04.527.csv,strong,5,0.9795557778,0.06372135900266493
PARTICIPANT_kura-B2_2020-09-25_19h37.04.527.csv,strong,6,1.038812037,0.09290927729411608
PARTICIPANT_kura-A1_2020-10-01_10h17.21.641.csv,medium,0,0.9369438334000001,0.1441587147657119
PARTICIPANT_kura-A1_2020-10-01_10h17.21.641.csv,medium,1,0.9830900180333334,0.04758690569018292
PARTICIPANT_kura-A1_2020-10-01_10h17.21.641.csv,medium,2,1.0207891046333333,0.09866033258415097
PARTICIPANT_kura-A1_2020-10-01_10h17.21.641.csv,medium,3,1.0066527264642857,0.06031774948930973
PARTICIPANT_kura-A1_2020-10-01_10h17.21.641.csv,medium,4,0.9874758793999999,0.038228893176278186
PARTICIPANT_kura-A1_2020-10-01_10h17.21.641.csv,medium,5,1.141216125,0.0
PARTICIPANT_kura-A1_2020-10-01_10h17.21.641.csv,medium,6,nan,nan
PARTICIPANT_kura-A1_2020-10-03_10h29.30.435.csv,medium,0,1.1747829444666669,0.2652835197719109
PARTICIPANT_kura-A1_2020-10-03_10h29.30.435.csv,medium,1,1.1117378889,0.21635881191119044
PARTICIPANT_kura-A1_2020-10-03_10h29.30.435.csv,medium,2,1.128865388933333,0.2263363228167653
PARTICIPANT_kura-A1_2020-10-03_10h29.30.435.csv,medium,3,1.1417676190714288,0.21432478530322482
PARTICIPANT_kura-A1_2020-10-03_10h29.30.435.csv,medium,4,1.0865073718461538,0.18257982597379863
PARTICIPANT_kura-A1_2020-10-03_10h29.30.435.csv,medium,5,1.033506282076923,0.10754865723901239
PARTICIPANT_kura-A1_2020-10-03_10h29.30.435.csv,medium,6,nan,nan
PARTICIPANT_kura-A1_2020-10-04_12h32.21.589.csv,medium,0,1.0430925555333332,0.3752695526645233
PARTICIPANT_kura-A1_2020-10-04_12h32.21.589.csv,medium,1,1.0830123333000001,0.22935812390223506
PARTICIPANT_kura-A1_2020-10-04_12h32.21.589.csv,medium,2,1.0002954762857144,0.15798425893698242
PARTICIPANT_kura-A1_2020-10-04_12h32.21.589.csv,medium,3,0.9722924073703704,0.11062644765152721
PARTICIPANT_kura-A1_2020-10-04_12h32.21.589.csv,medium,4,1.0013166048888889,0.06704449070312957
PARTICIPANT_kura-A1_2020-10-04_12h32.21.589.csv,medium,5,1.00127041675,0.05649379242689032
PARTICIPANT_kura-A1_2020-10-04_12h32.21.589.csv,medium,6,1.008622,0.047377646155387594
PARTICIPANT_kura-A1_2020-10-05_06h37.13.057.csv,medium,0,1.0163892652666666,0.4308924596339076
PARTICIPANT_kura-A1_2020-10-05_06h37.13.057.csv,medium,1,1.1884808652666665,1.003060097764222
PARTICIPANT_kura-A1_2020-10-05_06h37.13.057.csv,medium,2,0.9893047444333333,0.05185307919727331
PARTICIPANT_kura-A1_2020-10-05_06h37.13.057.csv,medium,3,1.0114343600666666,0.06343665061887235
PARTICIPANT_kura-A1_2020-10-05_06h37.13.057.csv,medium,4,1.0224890697199998,0.04462946733856112
PARTICIPANT_kura-A1_2020-10-05_06h37.13.057.csv,medium,5,1.0030203987692308,0.04096573740005501
PARTICIPANT_kura-A1_2020-10-05_06h37.13.057.csv,medium,6,nan,nan
PARTICIPANT_kura-A1_2020-10-05_09h41.04.130.csv,medium,0,1.0109118078,0.25664931180073647
PARTICIPANT_kura-A1_2020-10-05_09h41.04.130.csv,medium,1,1.0085083744333334,0.1418706353891679
PARTICIPANT_kura-A1_2020-10-05_09h41.04.130.csv,medium,2,0.9646191452999999,0.10775913591456363
PARTICIPANT_kura-A1_2020-10-05_09h41.04.130.csv,medium,3,0.9890443661999999,0.07936303577510716
PARTICIPANT_kura-A1_2020-10-05_09h41.04.130.csv,medium,4,0.9963012875333334,0.10407178404803366
PARTICIPANT_kura-A1_2020-10-05_09h41.04.130.csv,medium,5,0.9682049127333333,0.1304434081285163
PARTICIPANT_kura-A1_2020-10-05_09h41.04.130.csv,medium,6,0.975595018875,0.05843988914027469
PARTICIPANT_kura-A1_2020-10-05_10h32.11.341.csv,medium,0,1.149067183,0.2602226200685955
PARTICIPANT_kura-A1_2020-10-05_10h32.11.341.csv,medium,1,1.0839817236333333,0.16542704485427093
PARTICIPANT_kura-A1_2020-10-05_10h32.11.341.csv,medium,2,1.0913189713333336,0.2017085401377603
PARTICIPANT_kura-A1_2020-10-05_10h32.11.341.csv,medium,3,1.0386473272333334,0.09734911996535428
PARTICIPANT_kura-A1_2020-10-05_10h32.11.341.csv,medium,4,1.0723627805172413,0.22191155651954883
PARTICIPANT_kura-A1_2020-10-05_10h32.11.341.csv,medium,5,0.9757240032500001,0.1751718289810116
PARTICIPANT_kura-A1_2020-10-05_10h32.11.341.csv,medium,6,nan,nan
PARTICIPANT_kura-A2_2020-09-15_15h15.11.125.csv,medium,0,1.8819317094814811,1.5258534569948048
PARTICIPANT_kura-A2_2020-09-15_15h15.11.125.csv,medium,1,1.8699470862307694,2.172827370621741
PARTICIPANT_kura-A2_2020-09-15_15h15.11.125.csv,medium,2,1.6342942241111114,1.6776722074146175
PARTICIPANT_kura-A2_2020-09-15_15h15.11.125.csv,medium,3,1.2557408083846153,1.0433567606948047
PARTICIPANT_kura-A2_2020-09-15_15h15.11.125.csv,medium,4,0.6569054093750001,0.4602548377344515
PARTICIPANT_kura-A2_2020-09-15_15h15.11.125.csv,medium,5,0.9330331749999999,0.5962410731925523
PARTICIPANT_kura-A2_2020-09-15_15h15.11.125.csv,medium,6,0.924067375,0.0
PARTICIPANT_kura-A2_2020-09-16_10h16.41.575.csv,medium,0,1.0974066666666669,0.4214676299674808
PARTICIPANT_kura-A2_2020-09-16_10h16.41.575.csv,medium,1,1.0336626667,0.14458430682069434
PARTICIPANT_kura-A2_2020-09-16_10h16.41.575.csv,medium,2,1.0332478334,0.16066275541207425
PARTICIPANT_kura-A2_2020-09-16_10h16.41.575.csv,medium,3,1.0246775862068966,0.1325442366173176
PARTICIPANT_kura-A2_2020-09-16_10h16.41.575.csv,medium,4,1.0329819135185188,0.13483858339728963
PARTICIPANT_kura-A2_2020-09-16_10h16.41.575.csv,medium,5,1.030870869652174,0.10971776275268283
PARTICIPANT_kura-A2_2020-09-16_10h16.41.575.csv,medium,6,0.9969833334,0.13467757716059986
PARTICIPANT_kura-A2_2020-09-16_17h20.10.296.csv,medium,0,1.8819317094814811,1.5258534569948048
PARTICIPANT_kura-A2_2020-09-16_17h20.10.296.csv,medium,1,1.8699470862307694,2.172827370621741
PARTICIPANT_kura-A2_2020-09-16_17h20.10.296.csv,medium,2,1.6342942241111114,1.6776722074146175
PARTICIPANT_kura-A2_2020-09-16_17h20.10.296.csv,medium,3,1.2557408083846153,1.0433567606948047
PARTICIPANT_kura-A2_2020-09-16_17h20.10.296.csv,medium,4,0.6569054093750001,0.4602548377344515
PARTICIPANT_kura-A2_2020-09-16_17h20.10.296.csv,medium,5,0.9330331749999999,0.5962410731925523
PARTICIPANT_kura-A2_2020-09-16_17h20.10.296.csv,medium,6,0.924067375,0.0
PARTICIPANT_kura-A2_2020-11-04_17h32.29.185.csv,medium,0,0.9941711538666667,0.06244652612132596
PARTICIPANT_kura-A2_2020-11-04_17h32.29.185.csv,medium,1,1.0873269822666667,0.37921280998109325
PARTICIPANT_kura-A2_2020-11-04_17h32.29.185.csv,medium,2,0.9788725344333333,0.057073454631537665
PARTICIPANT_kura-A2_2020-11-04_17h32.29.185.csv,medium,3,0.9926956930666665,0.06248371429236047
PARTICIPANT_kura-A2_2020-11-04_17h32.29.185.csv,medium,4,1.0062234855,0.04336341551343267
PARTICIPANT_kura-A2_2020-11-04_17h32.29.185.csv,medium,5,1.0014917149473685,0.045201006453572196
PARTICIPANT_kura-A2_2020-11-04_17h32.29.185.csv,medium,6,nan,nan
PARTICIPANT_kura-A2_2020-11-05_09h19.11.832.csv,medium,0,0.9860239222333332,0.10568183832673107
PARTICIPANT_kura-A2_2020-11-05_09h19.11.832.csv,medium,1,0.9904683130333333,0.06700550975050927
PARTICIPANT_kura-A2_2020-11-05_09h19.11.832.csv,medium,2,1.0127941516333334,0.09702798086337742
PARTICIPANT_kura-A2_2020-11-05_09h19.11.832.csv,medium,3,0.9948801741379311,0.058754852990521064
PARTICIPANT_kura-A2_2020-11-05_09h19.11.832.csv,medium,4,0.9805334179259257,0.04787378248232148
PARTICIPANT_kura-A2_2020-11-05_09h19.11.832.csv,medium,5,0.9871355578421053,0.0684093664561066
PARTICIPANT_kura-A2_2020-11-05_09h19.11.832.csv,medium,6,nan,nan
PARTICIPANT_kura-A2_2020-11-25_15h04.36.125.csv,medium,0,1.121244944433333,0.3943931772044489
PARTICIPANT_kura-A2_2020-11-25_15h04.36.125.csv,medium,1,0.9888736666000001,0.06262986008737254
PARTICIPANT_kura-A2_2020-11-25_15h04.36.125.csv,medium,2,0.9914818888666667,0.05931534568255221
PARTICIPANT_kura-A2_2020-11-25_15h04.36.125.csv,medium,3,0.9922049444,0.07157134697314659
PARTICIPANT_kura-A2_2020-11-25_15h04.36.125.csv,medium,4,0.9889047126896552,0.048931556758419543
PARTICIPANT_kura-A2_2020-11-25_15h04.36.125.csv,medium,5,1.0033728702777778,0.05317569171673031
PARTICIPANT_kura-A2_2020-11-25_15h04.36.125.csv,medium,6,0.9670694446666667,0.06622045702603943
PARTICIPANT_kura-B1_2020-10-05_07h49.31.729.csv,medium,0,1.3373808938666667,0.5494471204558635
PARTICIPANT_kura-B1_2020-10-05_07h49.31.729.csv,medium,1,1.2274009154285714,0.41796571307725383
PARTICIPANT_kura-B1_2020-10-05_07h49.31.729.csv,medium,2,1.1198258705833335,0.31553014809051133
PARTICIPANT_kura-B1_2020-10-05_07h49.31.729.csv,medium,3,1.039239866736842,0.11868418928465244
PARTICIPANT_kura-B1_2020-10-05_07h49.31.729.csv,medium,4,1.0749833494285714,0.11403836828863333
PARTICIPANT_kura-B1_2020-10-05_07h49.31.729.csv,medium,5,0.9214178113333333,0.09898576577749567
PARTICIPANT_kura-B1_2020-10-05_07h49.31.729.csv,medium,6,nan,nan
PARTICIPANT_kura-B2_2020-09-07_12h08.36.208.csv,medium,0,0.9832799077666667,0.21069463133467806
PARTICIPANT_kura-B2_2020-09-07_12h08.36.208.csv,medium,1,0.998575343,0.0874761348854465
PARTICIPANT_kura-B2_2020-09-07_12h08.36.208.csv,medium,2,0.9922746644666666,0.046233883258174485
PARTICIPANT_kura-B2_2020-09-07_12h08.36.208.csv,medium,3,1.0015128263666666,0.06737588208285757
PARTICIPANT_kura-B2_2020-09-07_12h08.36.208.csv,medium,4,0.9915889317666665,0.045551688609142056
PARTICIPANT_kura-B2_2020-09-07_12h08.36.208.csv,medium,5,0.9908691952666667,0.05328902837070491
PARTICIPANT_kura-B2_2020-09-07_12h08.36.208.csv,medium,6,1.0048226923999999,0.04938002812510885
PARTICIPANT_kura-B2_2020-09-07_21h13.50.539.csv,medium,0,0.9608426539333332,0.2182018811140862
PARTICIPANT_kura-B2_2020-09-07_21h13.50.539.csv,medium,1,1.0306431021666667,0.12697294311187826
PARTICIPANT_kura-B2_2020-09-07_21h13.50.539.csv,medium,2,1.012110841333333,0.11061241911786764
PARTICIPANT_kura-B2_2020-09-07_21h13.50.539.csv,medium,3,1.0031695495,0.08037833399395053
PARTICIPANT_kura-B2_2020-09-07_21h13.50.539.csv,medium,4,0.9977396844999998,0.06468223752230097
PARTICIPANT_kura-B2_2020-09-07_21h13.50.539.csv,medium,5,0.9854281434285713,0.07819888575674923
PARTICIPANT_kura-B2_2020-09-07_21h13.50.539.csv,medium,6,1.0583484105714285,0.1795217713734892
PARTICIPANT_kura-B2_2020-09-10_18h03.12.198.csv,medium,0,0.9546476263333332,0.23788786969617817
PARTICIPANT_kura-B2_2020-09-10_18h03.12.198.csv,medium,1,1.0218152444000002,0.15439078047301832
PARTICIPANT_kura-B2_2020-09-10_18h03.12.198.csv,medium,2,0.9975604418999999,0.08821536026216673
PARTICIPANT_kura-B2_2020-09-10_18h03.12.198.csv,medium,3,1.0043751666333334,0.05727696823055347
PARTICIPANT_kura-B2_2020-09-10_18h03.12.198.csv,medium,4,1.0267091136333333,0.2212509241992692
PARTICIPANT_kura-B2_2020-09-10_18h03.12.198.csv,medium,5,1.0687233517,0.4304927194244217
PARTICIPANT_kura-B2_2020-09-10_18h03.12.198.csv,medium,6,1.0086689045555557,0.08204809766463175
PARTICIPANT_kura-B2_2020-09-25_19h37.04.527.csv,medium,0,1.1053716667333333,0.33228396113186215
PARTICIPANT_kura-B2_2020-09-25_19h37.04.527.csv,medium,1,1.2222849999333332,0.44227558163783937
PARTICIPANT_kura-B2_2020-09-25_19h37.04.527.csv,medium,2,1.1761445556333332,0.3865154617153495
PARTICIPANT_kura-B2_2020-09-25_19h37.04.527.csv,medium,3,0.9960463194583332,0.04968806594684681
PARTICIPANT_kura-B2_2020-09-25_19h37.04.527.csv,medium,4,0.9976336805416667,0.07650796451781214
PARTICIPANT_kura-B2_2020-09-25_19h37.04.527.csv,medium,5,1.0012402084166667,0.061355930623325575
PARTICIPANT_kura-B2_2020-09-25_19h37.04.527.csv,medium,6,1.0235123811428573,0.16404776706492996
PARTICIPANT_kura-A1_2020-10-01_10h17.21.641.csv,weak,0,0.9846323835999998,0.06525635420970305
PARTICIPANT_kura-A1_2020-10-01_10h17.21.641.csv,weak,1,0.9943926330666667,0.05615359315679874
PARTICIPANT_kura-A1_2020-10-01_10h17.21.641.csv,weak,2,0.9823242994285714,0.04517753288430556
PARTICIPANT_kura-A1_2020-10-01_10h17.21.641.csv,weak,3,0.9886903975925924,0.05743360065642252
PARTICIPANT_kura-A1_2020-10-01_10h17.21.641.csv,weak,4,0.9692877600869568,0.035235028736545666
PARTICIPANT_kura-A1_2020-10-01_10h17.21.641.csv,weak,5,0.9469630499999999,0.03032091854292455
PARTICIPANT_kura-A1_2020-10-01_10h17.21.641.csv,weak,6,nan,nan
PARTICIPANT_kura-A1_2020-10-03_10h29.30.435.csv,weak,0,1.1011313888666667,0.3998127404937901
PARTICIPANT_kura-A1_2020-10-03_10h29.30.435.csv,weak,1,1.0733995555666667,0.32498424404291776
PARTICIPANT_kura-A1_2020-10-03_10h29.30.435.csv,weak,2,1.0698178334,0.27200211600140795
PARTICIPANT_kura-A1_2020-10-03_10h29.30.435.csv,weak,3,1.0502063888666668,0.2758313934456659
PARTICIPANT_kura-A1_2020-10-03_10h29.30.435.csv,weak,4,1.0511637500000002,0.2905195565553648
PARTICIPANT_kura-A1_2020-10-03_10h29.30.435.csv,weak,5,0.9598839743846154,0.3431081806775527
PARTICIPANT_kura-A1_2020-10-03_10h29.30.435.csv,weak,6,0.256598333,0.0
PARTICIPANT_kura-A1_2020-10-04_12h32.21.589.csv,weak,0,1.1653456110666667,0.49977514303010023
PARTICIPANT_kura-A1_2020-10-04_12h32.21.589.csv,weak,1,1.11176702375,0.2986326359050744
PARTICIPANT_kura-A1_2020-10-04_12h32.21.589.csv,weak,2,1.0138557407777777,0.16679625166503634
PARTICIPANT_kura-A1_2020-10-04_12h32.21.589.csv,weak,3,0.9946847436153848,0.10292841229461457
PARTICIPANT_kura-A1_2020-10-04_12h32.21.589.csv,weak,4,0.9739790277916667,0.0766028213497415
PARTICIPANT_kura-A1_2020-10-04_12h32.21.589.csv,weak,5,0.9767764394545455,0.06500580569138226
PARTICIPANT_kura-A1_2020-10-04_12h32.21.589.csv,weak,6,0.94368125,0.07008372335776336
PARTICIPANT_kura-A1_2020-10-05_06h37.13.057.csv,weak,0,1.0181170599666667,0.4899954073934776
PARTICIPANT_kura-A1_2020-10-05_06h37.13.057.csv,weak,1,1.1097522806,0.6761420905708173
PARTICIPANT_kura-A1_2020-10-05_06h37.13.057.csv,weak,2,0.9969523477333333,0.06563130770551624
PARTICIPANT_kura-A1_2020-10-05_06h37.13.057.csv,weak,3,0.9896720685333334,0.06021922433694674
PARTICIPANT_kura-A1_2020-10-05_06h37.13.057.csv,weak,4,0.9447572067307691,0.1599556361906737
PARTICIPANT_kura-A1_2020-10-05_06h37.13.057.csv,weak,5,0.97343068125,0.07001518467988145
PARTICIPANT_kura-A1_2020-10-05_06h37.13.057.csv,weak,6,1.0006554335,0.021121966499999978
PARTICIPANT_kura-A1_2020-10-05_09h41.04.130.csv,weak,0,0.8574009899999999,0.2505098449837484
PARTICIPANT_kura-A1_2020-10-05_09h41.04.130.csv,weak,1,0.8976492728000001,0.23706672121970526
PARTICIPANT_kura-A1_2020-10-05_09h41.04.130.csv,weak,2,0.8513286830666666,0.2548660035245313
PARTICIPANT_kura-A1_2020-10-05_09h41.04.130.csv,weak,3,0.9618079333666667,0.1575851560548978
PARTICIPANT_kura-A1_2020-10-05_09h41.04.130.csv,weak,4,0.9076166108333334,0.18307763335502814
PARTICIPANT_kura-A1_2020-10-05_09h41.04.130.csv,weak,5,0.9132263258666666,0.18754768199934627
PARTICIPANT_kura-A1_2020-10-05_09h41.04.130.csv,weak,6,0.9666298991000002,0.0839938222314619
PARTICIPANT_kura-A1_2020-10-05_10h32.11.341.csv,weak,0,1.1794013433333332,0.3027192898190939
PARTICIPANT_kura-A1_2020-10-05_10h32.11.341.csv,weak,1,1.3260266652666666,0.5493961744095038
PARTICIPANT_kura-A1_2020-10-05_10h32.11.341.csv,weak,2,1.1478209137586204,0.2614199519791741
PARTICIPANT_kura-A1_2020-10-05_10h32.11.341.csv,weak,3,1.090288097814815,0.17156865454535947
PARTICIPANT_kura-A1_2020-10-05_10h32.11.341.csv,weak,4,1.088786541074074,0.11155941936491344
PARTICIPANT_kura-A1_2020-10-05_10h32.11.341.csv,weak,5,1.0445586130625,0.08426197570478998
PARTICIPANT_kura-A1_2020-10-05_10h32.11.341.csv,weak,6,0.92525105,0.07177875
PARTICIPANT_kura-A2_2020-09-15_15h15.11.125.csv,weak,0,1.5674364502333336,1.3407015146624237
PARTICIPANT_kura-A2_2020-09-15_15h15.11.125.csv,weak,1,1.5385124655172413,1.6890822674380386
PARTICIPANT_kura-A2_2020-09-15_15h15.11.125.csv,weak,2,1.2962699141538463,1.3043625899824993
PARTICIPANT_kura-A2_2020-09-15_15h15.11.125.csv,weak,3,1.0989876742380953,1.2055350428545861
PARTICIPANT_kura-A2_2020-09-15_15h15.11.125.csv,weak,4,1.1859885244285715,1.4537177491634068
PARTICIPANT_kura-A2_2020-09-15_15h15.11.125.csv,weak,5,0.5378021310909091,0.24920485090199512
PARTICIPANT_kura-A2_2020-09-15_15h15.11.125.csv,weak,6,0.331995409,0.0
PARTICIPANT_kura-A2_2020-09-16_10h16.41.575.csv,weak,0,1.0627680555666665,0.33371600937078527
PARTICIPANT_kura-A2_2020-09-16_10h16.41.575.csv,weak,1,1.0917543333666664,0.3295854249749956
PARTICIPANT_kura-A2_2020-09-16_10h16.41.575.csv,weak,2,1.0434839444333333,0.22060943460896032
PARTICIPANT_kura-A2_2020-09-16_10h16.41.575.csv,weak,3,1.0446336666666667,0.18139453566615427
PARTICIPANT_kura-A2_2020-09-16_10h16.41.575.csv,weak,4,1.0411575861724138,0.19007966050182284
PARTICIPANT_kura-A2_2020-09-16_10h16.41.575.csv,weak,5,1.0135980769230768,0.215219082566314
PARTICIPANT_kura-A2_2020-09-16_10h16.41.575.csv,weak,6,1.0429663332,0.11559161990904934
PARTICIPANT_kura-A2_2020-09-16_17h20.10.296.csv,weak,0,1.5674364502333336,1.3407015146624237
PARTICIPANT_kura-A2_2020-09-16_17h20.10.296.csv,weak,1,1.5385124655172413,1.6890822674380386
PARTICIPANT_kura-A2_2020-09-16_17h20.10.296.csv,weak,2,1.2962699141538463,1.3043625899824993
PARTICIPANT_kura-A2_2020-09-16_17h20.10.296.csv,weak,3,1.0989876742380953,1.2055350428545861
PARTICIPANT_kura-A2_2020-09-16_17h20.10.296.csv,weak,4,1.1859885244285715,1.4537177491634068
PARTICIPANT_kura-A2_2020-09-16_17h20.10.296.csv,weak,5,0.5378021310909091,0.24920485090199512
PARTICIPANT_kura-A2_2020-09-16_17h20.10.296.csv,weak,6,0.331995409,0.0
PARTICIPANT_kura-A2_2020-11-04_17h32.29.185.csv,weak,0,1.243509479166667,0.4315875509671782
PARTICIPANT_kura-A2_2020-11-04_17h32.29.185.csv,weak,1,1.2871523146666666,0.7094633046804926
PARTICIPANT_kura-A2_2020-11-04_17h32.29.185.csv,weak,2,1.0686402336923078,0.3691306269054623
PARTICIPANT_kura-A2_2020-11-04_17h32.29.185.csv,weak,3,1.0520156708181818,0.1796354816672401
PARTICIPANT_kura-A2_2020-11-04_17h32.29.185.csv,weak,4,0.9946167429499999,0.04135621351668885
PARTICIPANT_kura-A2_2020-11-04_17h32.29.185.csv,weak,5,1.0439728593333333,0.04956044432297057
PARTICIPANT_kura-A2_2020-11-04_17h32.29.185.csv,weak,6,nan,nan
PARTICIPANT_kura-A2_2020-11-05_09h19.11.832.csv,weak,0,1.1351883694333333,0.5330172190252624
PARTICIPANT_kura-A2_2020-11-05_09h19.11.832.csv,weak,1,1.0408207702666668,0.11813405895464743
PARTICIPANT_kura-A2_2020-11-05_09h19.11.832.csv,weak,2,1.0037672130666666,0.07900411205725988
PARTICIPANT_kura-A2_2020-11-05_09h19.11.832.csv,weak,3,0.9930001420357144,0.06134759393905187
PARTICIPANT_kura-A2_2020-11-05_09h19.11.832.csv,weak,4,1.0059055367037038,0.05086415715633874
PARTICIPANT_kura-A2_2020-11-05_09h19.11.832.csv,weak,5,1.1650892848181817,0.5322537648328625
PARTICIPANT_kura-A2_2020-11-05_09h19.11.832.csv,weak,6,1.721525758,0.0
PARTICIPANT_kura-A2_2020-11-25_15h04.36.125.csv,weak,0,1.3091226667,0.697191643463258
PARTICIPANT_kura-A2_2020-11-25_15h04.36.125.csv,weak,1,1.1282721666666666,0.4545453760157721
PARTICIPANT_kura-A2_2020-11-25_15h04.36.125.csv,weak,2,1.0373900555333335,0.17655544831516778
PARTICIPANT_kura-A2_2020-11-25_15h04.36.125.csv,weak,3,1.0341473888333335,0.20609480871243857
PARTICIPANT_kura-A2_2020-11-25_15h04.36.125.csv,weak,4,1.03764573336,0.17933740052449534
PARTICIPANT_kura-A2_2020-11-25_15h04.36.125.csv,weak,5,1.0182461111111112,0.07343733684807174
PARTICIPANT_kura-A2_2020-11-25_15h04.36.125.csv,weak,6,nan,nan
PARTICIPANT_kura-B1_2020-10-05_07h49.31.729.csv,weak,0,2.4488395643793095,1.5786810653186474
PARTICIPANT_kura-B1_2020-10-05_07h49.31.729.csv,weak,1,2.1906834358695653,1.1541412334018744
PARTICIPANT_kura-B1_2020-10-05_07h49.31.729.csv,weak,2,1.417555576846154,0.48204443314508894
PARTICIPANT_kura-B1_2020-10-05_07h49.31.729.csv,weak,3,1.2946238001666666,0.712000416689404
PARTICIPANT_kura-B1_2020-10-05_07h49.31.729.csv,weak,4,0.907051575,0.07712751561053244
PARTICIPANT_kura-B1_2020-10-05_07h49.31.729.csv,weak,5,0.969885275,0.0
PARTICIPANT_kura-B1_2020-10-05_07h49.31.729.csv,weak,6,nan,nan
PARTICIPANT_kura-B2_2020-09-07_12h08.36.208.csv,weak,0,1.0195975539333333,0.19080631193294678
PARTICIPANT_kura-B2_2020-09-07_12h08.36.208.csv,weak,1,0.9772544178333333,0.19286687912538408
PARTICIPANT_kura-B2_2020-09-07_12h08.36.208.csv,weak,2,1.0300922632666667,0.10415606509836497
PARTICIPANT_kura-B2_2020-09-07_12h08.36.208.csv,weak,3,1.0094064550666668,0.07006541998170558
PARTICIPANT_kura-B2_2020-09-07_12h08.36.208.csv,weak,4,0.9820738108,0.044397705139546634
PARTICIPANT_kura-B2_2020-09-07_12h08.36.208.csv,weak,5,1.006069514137931,0.03946784984377901
PARTICIPANT_kura-B2_2020-09-07_12h08.36.208.csv,weak,6,1.0215880865,0.07538713174514118
PARTICIPANT_kura-B2_2020-09-07_21h13.50.539.csv,weak,0,1.0531301522666667,0.17142051339035178
PARTICIPANT_kura-B2_2020-09-07_21h13.50.539.csv,weak,1,1.0074757055666665,0.2046951810077311
PARTICIPANT_kura-B2_2020-09-07_21h13.50.539.csv,weak,2,1.0342778756,0.21828061883927916
PARTICIPANT_kura-B2_2020-09-07_21h13.50.539.csv,weak,3,0.9348619856,0.2034255863314725
PARTICIPANT_kura-B2_2020-09-07_21h13.50.539.csv,weak,4,0.9360433380000001,0.2511375872479191
PARTICIPANT_kura-B2_2020-09-07_21h13.50.539.csv,weak,5,0.9589312891333334,0.17079142956786283
PARTICIPANT_kura-B2_2020-09-07_21h13.50.539.csv,weak,6,0.8669511395,0.24853347342840643
PARTICIPANT_kura-B2_2020-09-10_18h03.12.198.csv,weak,0,1.0993492350333334,0.3834732524261874
PARTICIPANT_kura-B2_2020-09-10_18h03.12.198.csv,weak,1,1.0685767325,0.22575361916615144
PARTICIPANT_kura-B2_2020-09-10_18h03.12.198.csv,weak,2,1.0446725897333333,0.22697363264429338
PARTICIPANT_kura-B2_2020-09-10_18h03.12.198.csv,weak,3,1.0228538055333334,0.10107835298153105
PARTICIPANT_kura-B2_2020-09-10_18h03.12.198.csv,weak,4,1.0080936288666666,0.06903493670937899
PARTICIPANT_kura-B2_2020-09-10_18h03.12.198.csv,weak,5,1.029825338925926,0.21834742040123586
PARTICIPANT_kura-B2_2020-09-10_18h03.12.198.csv,weak,6,0.97386121375,0.0548834683840535
PARTICIPANT_kura-B2_2020-09-25_19h37.04.527.csv,weak,0,1.0656662223,0.2654165774999127
PARTICIPANT_kura-B2_2020-09-25_19h37.04.527.csv,weak,1,1.1163732222000002,0.24444260321226924
PARTICIPANT_kura-B2_2020-09-25_19h37.04.527.csv,weak,2,0.9580026110666666,0.14849649961720157
PARTICIPANT_kura-B2_2020-09-25_19h37.04.527.csv,weak,3,1.0350042222666667,0.16524034999379042
PARTICIPANT_kura-B2_2020-09-25_19h37.04.527.csv,weak,4,0.9739544999666667,0.13035632403920958
PARTICIPANT_kura-B2_2020-09-25_19h37.04.527.csv,weak,5,0.9896441666923079,0.13710866678008815
PARTICIPANT_kura-B2_2020-09-25_19h37.04.527.csv,weak,6,1.0568143334,0.06223621458256421
PARTICIPANT_kura-A1_2020-10-01_10h17.21.641.csv,none,0,0.7755830369333335,0.23232416490861763
PARTICIPANT_kura-A1_2020-10-01_10h17.21.641.csv,none,1,0.8015387878333335,0.2370492618846253
PARTICIPANT_kura-A1_2020-10-01_10h17.21.641.csv,none,2,0.7875583519333333,0.16346012546667882
PARTICIPANT_kura-A1_2020-10-01_10h17.21.641.csv,none,3,0.7815720518888889,0.11394481633300381
PARTICIPANT_kura-A1_2020-10-01_10h17.21.641.csv,none,4,0.9750091793200001,0.9076135186903761
PARTICIPANT_kura-A1_2020-10-01_10h17.21.641.csv,none,5,0.7496849225294118,0.08449059781658107
PARTICIPANT_kura-A1_2020-10-01_10h17.21.641.csv,none,6,0.7118567,0.04871229390525679
PARTICIPANT_kura-A1_2020-10-03_10h29.30.435.csv,none,0,1.0625734999333334,0.4910456925955616
PARTICIPANT_kura-A1_2020-10-03_10h29.30.435.csv,none,1,0.9545957777999999,0.39603510470338377
PARTICIPANT_kura-A1_2020-10-03_10h29.30.435.csv,none,2,0.9173181666999999,0.3644935087125055
PARTICIPANT_kura-A1_2020-10-03_10h29.30.435.csv,none,3,0.9307844443999999,0.3796172361551445
PARTICIPANT_kura-A1_2020-10-03_10h29.30.435.csv,none,4,0.8266317307307692,0.2883931256161763
PARTICIPANT_kura-A1_2020-10-03_10h29.30.435.csv,none,5,0.7345670833500001,0.2470807574696974
PARTICIPANT_kura-A1_2020-10-03_10h29.30.435.csv,none,6,0.6108216666,0.17603059297315277
PARTICIPANT_kura-A1_2020-10-04_12h32.21.589.csv,none,0,1.0118666111333334,0.35255814573685534
PARTICIPANT_kura-A1_2020-10-04_12h32.21.589.csv,none,1,1.0318832222333334,0.3437717598900097
PARTICIPANT_kura-A1_2020-10-04_12h32.21.589.csv,none,2,1.0684458333333333,0.3631020742417011
PARTICIPANT_kura-A1_2020-10-04_12h32.21.589.csv,none,3,1.0693235632413791,0.3645435624859058
PARTICIPANT_kura-A1_2020-10-04_12h32.21.589.csv,none,4,0.9780796528333334,0.33201230744267485
PARTICIPANT_kura-A1_2020-10-04_12h32.21.589.csv,none,5,0.8150266667142858,0.3044043606182162
PARTICIPANT_kura-A1_2020-10-04_12h32.21.589.csv,none,6,0.6428644443333332,0.25239117176144954
PARTICIPANT_kura-A1_2020-10-05_06h37.13.057.csv,none,0,1.0714106064333333,0.6435841354544865
PARTICIPANT_kura-A1_2020-10-05_06h37.13.057.csv,none,1,1.1895449435666667,1.1332851182971522
PARTICIPANT_kura-A1_2020-10-05_06h37.13.057.csv,none,2,0.9129119302962964,0.5275593032868178
PARTICIPANT_kura-A1_2020-10-05_06h37.13.057.csv,none,3,0.8921534997083334,0.413725675090991
PARTICIPANT_kura-A1_2020-10-05_06h37.13.057.csv,none,4,0.76850002585,0.31709482419491
PARTICIPANT_kura-A1_2020-10-05_06h37.13.057.csv,none,5,0.5766983507500001,0.05834255414817232
PARTICIPANT_kura-A1_2020-10-05_06h37.13.057.csv,none,6,0.55882292075,0.03835275949532925
PARTICIPANT_kura-A1_2020-10-05_09h41.04.130.csv,none,0,0.6984355355999999,0.2077252803755941
PARTICIPANT_kura-A1_2020-10-05_09h41.04.130.csv,none,1,0.7168600033000001,0.151911353871227
PARTICIPANT_kura-A1_2020-10-05_09h41.04.130.csv,none,2,0.8140761502333334,0.21351370956796162
PARTICIPANT_kura-A1_2020-10-05_09h41.04.130.csv,none,3,0.8506544631,0.3799040271997581
PARTICIPANT_kura-A1_2020-10-05_09h41.04.130.csv,none,4,0.9149227074999999,0.41516781792997515
PARTICIPANT_kura-A1_2020-10-05_09h41.04.130.csv,none,5,0.8508296716785713,0.35155380881323733
PARTICIPANT_kura-A1_2020-10-05_09h41.04.130.csv,none,6,0.7989933897777779,0.24621604829236762
PARTICIPANT_kura-A1_2020-10-05_10h32.11.341.csv,none,0,1.6474806675333329,1.1255362081071898
PARTICIPANT_kura-A1_2020-10-05_10h32.11.341.csv,none,1,1.3887636646666663,0.6157788006685118
PARTICIPANT_kura-A1_2020-10-05_10h32.11.341.csv,none,2,1.1874017363076923,0.5434438344126057
PARTICIPANT_kura-A1_2020-10-05_10h32.11.341.csv,none,3,1.0874755920434782,0.5576099904994735
PARTICIPANT_kura-A1_2020-10-05_10h32.11.341.csv,none,4,0.9460988892352942,0.35231209540071057
PARTICIPANT_kura-A1_2020-10-05_10h32.11.341.csv,none,5,0.7086175118333333,0.21130055982222842
PARTICIPANT_kura-A1_2020-10-05_10h32.11.341.csv,none,6,0.5920683833333333,0.2984941330431318
PARTICIPANT_kura-A2_2020-09-15_15h15.11.125.csv,none,0,1.5310983432916665,1.6100331899045777
PARTICIPANT_kura-A2_2020-09-15_15h15.11.125.csv,none,1,1.5724997142500001,1.5109971049006687
PARTICIPANT_kura-A2_2020-09-15_15h15.11.125.csv,none,2,1.183750865521739,1.1840437190905253
PARTICIPANT_kura-A2_2020-09-15_15h15.11.125.csv,none,3,1.1390097070000003,0.7634810878028961
PARTICIPANT_kura-A2_2020-09-15_15h15.11.125.csv,none,4,0.8480214132666667,0.8035467821448222
PARTICIPANT_kura-A2_2020-09-15_15h15.11.125.csv,none,5,0.7708756324444445,0.6138874745562231
PARTICIPANT_kura-A2_2020-09-15_15h15.11.125.csv,none,6,1.0998464306666669,0.7782437517365098
PARTICIPANT_kura-A2_2020-09-16_10h16.41.575.csv,none,0,0.8049113334,0.22670442943039282
PARTICIPANT_kura-A2_2020-09-16_10h16.41.575.csv,none,1,0.8327097221666667,0.25657853792107016
PARTICIPANT_kura-A2_2020-09-16_10h16.41.575.csv,none,2,0.9846075000333335,0.46497900268773557
PARTICIPANT_kura-A2_2020-09-16_10h16.41.575.csv,none,3,0.8765576666666668,0.334302946371031
PARTICIPANT_kura-A2_2020-09-16_10h16.41.575.csv,none,4,0.8594913334000001,0.28890362335723624
PARTICIPANT_kura-A2_2020-09-16_10h16.41.575.csv,none,5,0.8042023456296298,0.22333111631007407
PARTICIPANT_kura-A2_2020-09-16_10h16.41.575.csv,none,6,0.7187583332857143,0.10012683644326979
PARTICIPANT_kura-A2_2020-09-16_17h20.10.296.csv,none,0,1.327322645027778,1.4125035571252322
PARTICIPANT_kura-A2_2020-09-16_17h20.10.296.csv,none,1,1.6344867970555557,1.629733832231393
PARTICIPANT_kura-A2_2020-09-16_17h20.10.296.csv,none,2,0.9784504066774192,1.078661335915725
PARTICIPANT_kura-A2_2020-09-16_17h20.10.296.csv,none,3,1.0778592233200002,0.7566183915162201
PARTICIPANT_kura-A2_2020-09-16_17h20.10.296.csv,none,4,0.9084543213809524,0.7316295566681015
PARTICIPANT_kura-A2_2020-09-16_17h20.10.296.csv,none,5,1.361826529466667,1.3323695274881873
PARTICIPANT_kura-A2_2020-09-16_17h20.10.296.csv,none,6,0.8140607583999999,0.697071142696007
PARTICIPANT_kura-A2_2020-11-04_17h32.29.185.csv,none,0,1.633223423724138,2.6319917806339417
PARTICIPANT_kura-A2_2020-11-04_17h32.29.185.csv,none,1,0.7959666095185185,0.3672260581279484
PARTICIPANT_kura-A2_2020-11-04_17h32.29.185.csv,none,2,0.9355494904230769,0.6594576938990389
PARTICIPANT_kura-A2_2020-11-04_17h32.29.185.csv,none,3,0.8540356161499998,0.6230161613203421
PARTICIPANT_kura-A2_2020-11-04_17h32.29.185.csv,none,4,0.8568197737857143,0.4535940194814364
PARTICIPANT_kura-A2_2020-11-04_17h32.29.185.csv,none,5,1.178760428125,0.6607729589324433
PARTICIPANT_kura-A2_2020-11-04_17h32.29.185.csv,none,6,0.636216442,0.0
PARTICIPANT_kura-A2_2020-11-05_09h19.11.832.csv,none,0,1.6274725233333334,2.3260603595839076
PARTICIPANT_kura-A2_2020-11-05_09h19.11.832.csv,none,1,1.2148047718518518,1.2252027686740232
PARTICIPANT_kura-A2_2020-11-05_09h19.11.832.csv,none,2,0.6583978225,0.22562068406748273
PARTICIPANT_kura-A2_2020-11-05_09h19.11.832.csv,none,3,0.7127049111333333,0.3360611186855728
PARTICIPANT_kura-A2_2020-11-05_09h19.11.832.csv,none,4,0.6948793145833334,0.12231497030045971
PARTICIPANT_kura-A2_2020-11-05_09h19.11.832.csv,none,5,0.7372630277500001,0.1702008243939342
PARTICIPANT_kura-A2_2020-11-05_09h19.11.832.csv,none,6,0.6135741290000001,0.003734128999999975
PARTICIPANT_kura-A2_2020-11-25_15h04.36.125.csv,none,0,1.8529417222,1.6598681748614132
PARTICIPANT_kura-A2_2020-11-25_15h04.36.125.csv,none,1,1.303085432148148,0.8632451950099053
PARTICIPANT_kura-A2_2020-11-25_15h04.36.125.csv,none,2,1.4384648666000002,1.0283192065725482
PARTICIPANT_kura-A2_2020-11-25_15h04.36.125.csv,none,3,1.262657058882353,0.7032952407966885
PARTICIPANT_kura-A2_2020-11-25_15h04.36.125.csv,none,4,0.7060774999999999,0.43685225279835743
PARTICIPANT_kura-A2_2020-11-25_15h04.36.125.csv,none,5,0.6128333333333333,0.4050204935830065
PARTICIPANT_kura-A2_2020-11-25_15h04.36.125.csv,none,6,0.57728,0.15679999999999997
PARTICIPANT_kura-B1_2020-10-05_07h49.31.729.csv,none,0,2.999886554384616,1.0110813355538397
PARTICIPANT_kura-B1_2020-10-05_07h49.31.729.csv,none,1,2.9999090772727275,1.2768049486622064
PARTICIPANT_kura-B1_2020-10-05_07h49.31.729.csv,none,2,nan,nan
PARTICIPANT_kura-B1_2020-10-05_07h49.31.729.csv,none,3,nan,nan
PARTICIPANT_kura-B1_2020-10-05_07h49.31.729.csv,none,4,nan,nan
PARTICIPANT_kura-B1_2020-10-05_07h49.31.729.csv,none,5,nan,nan
PARTICIPANT_kura-B1_2020-10-05_07h49.31.729.csv,none,6,nan,nan
PARTICIPANT_kura-B2_2020-09-07_12h08.36.208.csv,none,0,0.7883334425333334,0.32357314282870364
PARTICIPANT_kura-B2_2020-09-07_12h08.36.208.csv,none,1,0.7944761630666666,0.22114657327520218
PARTICIPANT_kura-B2_2020-09-07_12h08.36.208.csv,none,2,0.7589230378,0.22191730552939964
PARTICIPANT_kura-B2_2020-09-07_12h08.36.208.csv,none,3,0.7253587433333334,0.18429460109854948
PARTICIPANT_kura-B2_2020-09-07_12h08.36.208.csv,none,4,0.7379567010666668,0.19261324020668
PARTICIPANT_kura-B2_2020-09-07_12h08.36.208.csv,none,5,0.7315159874999999,0.18127978288076493
PARTICIPANT_kura-B2_2020-09-07_12h08.36.208.csv,none,6,0.7384149292,0.19257034991901129
PARTICIPANT_kura-B2_2020-09-07_21h13.50.539.csv,none,0,0.8956481631000001,0.32965942522996117
PARTICIPANT_kura-B2_2020-09-07_21h13.50.539.csv,none,1,0.8805823749999999,0.25943469329386903
PARTICIPANT_kura-B2_2020-09-07_21h13.50.539.csv,none,2,0.9683150674999997,0.24786907284117965
PARTICIPANT_kura-B2_2020-09-07_21h13.50.539.csv,none,3,0.9481307352666666,0.29686548039918914
PARTICIPANT_kura-B2_2020-09-07_21h13.50.539.csv,none,4,0.9164261805333334,0.24410323558110697
PARTICIPANT_kura-B2_2020-09-07_21h13.50.539.csv,none,5,0.9576270523571428,0.1820739992990657
PARTICIPANT_kura-B2_2020-09-07_21h13.50.539.csv,none,6,1.0680725727142855,0.5541309905762104
PARTICIPANT_kura-B2_2020-09-10_18h03.12.198.csv,none,0,0.8849661753,0.2809621361051932
PARTICIPANT_kura-B2_2020-09-10_18h03.12.198.csv,none,1,0.9322954653000001,0.33603507536991195
PARTICIPANT_kura-B2_2020-09-10_18h03.12.198.csv,none,2,0.9708676755999999,0.33975919235562624
PARTICIPANT_kura-B2_2020-09-10_18h03.12.198.csv,none,3,0.8951581553,0.2651632614023167
PARTICIPANT_kura-B2_2020-09-10_18h03.12.198.csv,none,4,0.8479284206551725,0.22482749899238755
PARTICIPANT_kura-B2_2020-09-10_18h03.12.198.csv,none,5,0.8318127107916666,0.22158644944343203
PARTICIPANT_kura-B2_2020-09-10_18h03.12.198.csv,none,6,0.7675827545714287,0.18362961205049746
PARTICIPANT_kura-B2_2020-09-25_19h37.04.527.csv,none,0,1.2024298889333331,0.34428106619619203
PARTICIPANT_kura-B2_2020-09-25_19h37.04.527.csv,none,1,1.2678959444333338,0.32499317204991496
PARTICIPANT_kura-B2_2020-09-25_19h37.04.527.csv,none,2,1.2179440555666665,0.332712325861294
PARTICIPANT_kura-B2_2020-09-25_19h37.04.527.csv,none,3,1.1993778735172413,0.3293072796595688
PARTICIPANT_kura-B2_2020-09-25_19h37.04.527.csv,none,4,1.0812640350526317,0.2872678581564904
PARTICIPANT_kura-B2_2020-09-25_19h37.04.527.csv,none,5,0.8869515151818181,0.2057804125909993
PARTICIPANT_kura-B2_2020-09-25_19h37.04.527.csv,none,6,0.9651516666666667,0.09821923769244405
